variant,core_hz,base_rate_hz,budget_cycles,fast_step_cycles,slow_step_cycles,average_cycles,maximum_cycles,nonfinite_count,final_output_bits,fallback_count
strict,170000000,48000,3541,3764,1527,18091,18155,0,3187364870,0
cached_025,170000000,48000,3541,3257,1157,15540,17229,0,3187364699,2184
cached_050,170000000,48000,3541,3249,1143,15407,16827,0,3187364707,1336
generated_sparse_1e-7,170000000,48000,3541,2889,1138,13945,15363,0,3187364842,1336
fused_nonlinear,170000000,48000,3541,2623,1146,12896,14544,0,3187364580,1344
solver_3x3_plus_1,170000000,48000,3541,2476,1151,12329,13784,0,3187365446,1336
fused_verified_delta_025,170000000,48000,3541,2655,1165,13141,14826,0,3187365437,2176
adaptive_residual_001,170000000,48000,3541,2837,1165,14890,17001,0,3187369599,2168
adaptive_two_stage,170000000,48000,3541,2801,1165,15994,18128,0,3187369599,2168
